<ItemPools>
	<Pool Name="treasure">
		<Item Name="Stone Bombs" Weight="1" DecreaseBy="1" RemoveOn="0.1"/>
		<Item Name="Blank Bombs" Weight="1" DecreaseBy="1" RemoveOn="0.1"/>
		<Item Name="Checked Mate" Weight="1" DecreaseBy="1" RemoveOn="0.1"/>
		<Item Name="Book of Despair" Weight="1" DecreaseBy="1" RemoveOn="0.1"/>
        <Item Name="Donkey Jawbone" Weight="1" DecreaseBy="1" RemoveOn="0.1"/>
		<Item Name="Lucky Seven" Weight="1" DecreaseBy="1" RemoveOn="0.1"/>
		<Item Name="Safety Bombs" Weight="1" DecreaseBy="1" RemoveOn="0.1"/>
		<Item Name="Max's Head 2" Weight="1" DecreaseBy="1" RemoveOn="0.1"/>
		<Item Name="Ol' Lopper" Weight="1" DecreaseBy="1" RemoveOn="0.1"/>
	</Pool>
	<Pool Name="shop">
		<Item Name="Pill Crusher" Weight="1" DecreaseBy="1" RemoveOn="0.1"/>
		<Item Name="Voodoo Pin 2" Weight="1" DecreaseBy="1" RemoveOn="0.1"/>
		<Item Name="Beth's Heart" Weight="1" DecreaseBy="1" RemoveOn="0.1"/>
		<Item Name="Lunch Box" Weight="1" DecreaseBy="1" RemoveOn="0.1"/>
		<Item Name="Safety Bombs" Weight="1" DecreaseBy="0.5" RemoveOn="0.1"/>
	</Pool>
	<Pool Name="devil">
		<Item Name="Pumpkin Mask 2" Weight="1" DecreaseBy="1" RemoveOn="0.1"/>
	</Pool>
	<Pool Name="curse">
			<Item Name="Voodoo Pin 2" Weight="1" DecreaseBy="1" RemoveOn="0.1"/>
	</Pool>
	<Pool Name="angel">
		<Item Name="Menorah" Weight="1" DecreaseBy="1" RemoveOn="0.1"/>
		<Item Name="Bowl of Tears" Weight="1" DecreaseBy="1" RemoveOn="0.1"/>
		<Item Name="Ancient Revelation" Weight="1" DecreaseBy="1" RemoveOn="0.1"/>
		<Item Name="Pacifist" Weight="1" DecreaseBy="1" RemoveOn="0.1"/>
	</Pool>
	<Pool Name="secret">
		<Item Name="Dice Bombs" Weight="0.5" DecreaseBy="1" RemoveOn="0.1"/>
		<Item Name="Keeper's Rope" Weight="1" DecreaseBy="1" RemoveOn="0.1"/>
		<Item Name="Book of Illusions" Weight="1" DecreaseBy="1" RemoveOn="0.1"/>
	</Pool>
	<Pool Name="ultraSecret">
		<Item Name="Dice Bombs" Weight="0.5" DecreaseBy="1" RemoveOn="0.1"/>
		<Item Name="Book of Despair" Weight="1" DecreaseBy="0.4" RemoveOn="0.1"/>
		<Item Name="Ancient Revelation" Weight="1" DecreaseBy="0.4" RemoveOn="0.1"/>		
	</Pool>
	<Pool Name="library">
		<Item Name="Book of Despair" Weight="1" DecreaseBy="0.1" RemoveOn="0.1"/>
		<Item Name="Book of Illusions" Weight="0.2" DecreaseBy="0.2" RemoveOn="0.02"/>
	</Pool>
	<Pool Name="goldenChest">
		<Item Name="Checked Mate" Weight="1" DecreaseBy="1" RemoveOn="0.1"/>
		<Item Name="Max's Head 2" Weight="1" DecreaseBy="1" RemoveOn="0.1"/>
	</Pool>
	<Pool Name="greedTreasure">
		<Item Name="Stone Bombs" Weight="1" DecreaseBy="1" RemoveOn="0.1"/>
		<Item Name="Blank Bombs" Weight="1" DecreaseBy="1" RemoveOn="0.1"/>
		<Item Name="Checked Mate" Weight="1" DecreaseBy="1" RemoveOn="0.1"/>
		<Item Name="Book of Despair" Weight="1" DecreaseBy="1" RemoveOn="0.1"/>
        <Item Name="Donkey Jawbone" Weight="1" DecreaseBy="1" RemoveOn="0.1"/>
		<Item Name="Safety Bombs" Weight="1" DecreaseBy="1" RemoveOn="0.1"/>
		<Item Name="Max's Head 2" Weight="1" DecreaseBy="1" RemoveOn="0.1"/>
		<Item Name="Ol' Lopper" Weight="1" DecreaseBy="1" RemoveOn="0.1"/>
	</Pool>
	<Pool Name="greedShop">
		<Item Name="Pill Crusher" Weight="1" DecreaseBy="1" RemoveOn="0.1"/>
		<Item Name="Lucky Seven" Weight="1" DecreaseBy="1" RemoveOn="0.1"/>
		<Item Name="Voodoo Pin 2" Weight="1" DecreaseBy="0.5" RemoveOn="0.1"/>
		<Item Name="Beth's Heart" Weight="1" DecreaseBy="1" RemoveOn="0.1"/>
		<Item Name="Ol' Lopper" Weight="1" DecreaseBy="1" RemoveOn="0.1"/>
	</Pool>
	<Pool Name="greedDevil">
		<Item Name="Book of Illusions" Weight="1" DecreaseBy="1" RemoveOn="0.1"/>
		<Item Name="Pumpkin Mask 2" Weight="1" DecreaseBy="1" RemoveOn="0.1"/>
	</Pool>
	<Pool Name="greedAngel">
		<Item Name="Menorah" Weight="1" DecreaseBy="1" RemoveOn="0.1"/>
		<Item Name="Bowl of Tears" Weight="1" DecreaseBy="1" RemoveOn="0.1"/>
		<Item Name="Ancient Revelation" Weight="1" DecreaseBy="1" RemoveOn="0.1"/>
	</Pool>
	<Pool Name="greedSecret">
		<Item Name="Keeper's Rope" Weight="1" DecreaseBy="1" RemoveOn="0.1"/>
	</Pool>
	<Pool Name="craneGame">
		<Item Name="Lucky Seven" Weight="1" DecreaseBy="1" RemoveOn="0.1"/>
	</Pool>
	<Pool Name="bombBum">
		<Item Name="Stone Bombs" Weight="1" DecreaseBy="0.5" RemoveOn="0.1"/>
		<Item Name="Blank Bombs" Weight="1" DecreaseBy="0.5" RemoveOn="0.1"/>
		<Item Name="Dice Bombs" Weight="0.2" DecreaseBy="0.2" RemoveOn="0.02"/>
		<Item Name="Safety Bombs" Weight="1" DecreaseBy="0.5" RemoveOn="0.1"/>
	</Pool>
	<Pool Name="batteryBum">
		
	</Pool>
	<Pool Name="woodenChest">
		<Item Name="Checked Mate" Weight="1" DecreaseBy="1" RemoveOn="0.1"/>
	</Pool>
	<Pool Name="demonBeggar">
		
	</Pool>
	<Pool Name="babyShop">
		<Item Name="Checked Mate" Weight="1" DecreaseBy="1" RemoveOn="0.1"/>
		<Item Name="Beth's Heart" Weight="1" DecreaseBy="1" RemoveOn="0.1"/>
	</Pool>

	</Pool>
	<Pool Name="rottenBeggar">
		<Item Name="Pumpkin Mask 2" Weight="1" DecreaseBy="1" RemoveOn="0.1"/>
	</Pool>
</ItemPools>
